media_id	username	post_date	event_date	code	description	alt_text
3643486482985887040_3120959176	stomp0001	2025-05-29T22:24:16+00:00	2025-06-22 00:00:00	DKQQ6b6T6VA	"""6/22(\u65e5)\n\u5927\u962a\u6771\u5fc3\u658e\u6a4bclubSTOMP\n\nSPREAD&SPIDER CABINETS pre.\n\u201cFACE THE WIND\u201d\n\nSPREAD\nSPIDER CABINETS\nTHE CHINA WIFE MOTORS\nSOUTH BLOW\n\nAD\u00a52500 DOOR\u00a53000\n(+1drink order)\nOPEN18:00 START18:30"""	null
3643488683921563713_3120959176	stomp0001	2025-05-29T22:28:39+00:00	2025-06-25 19:00:00	DKQRadsTOBB	"""6\u670825\u65e5\u6c34\u66dc\u65e519:00\u304b\u3089\nFOOLING AROUND\u203c\ufe0f\n\u5fc5\u305a\u30ef\u30f3\u30c9\u30ea\u30f3\u30af\u30aa\u30fc\u30c0\u30fc\u3088\u308d\u3057\u304f\u304a\u9858\u3044\u3057\u307e\u3059\u203c\ufe0f"""	null
3643489475059676690_3120959176	stomp0001	2025-05-29T22:30:13+00:00	2025-06-28 00:00:00	DKQRl-fznYS	"""6/28(\u571f) @CLUB STOMP\nPANDAMIC  DRUNK  Vol.1\nOPEN 17:30 / START 18:00\nTICKET 2500yen +1D\n\n\u301cACT\u301c\n\u30b6\u30fb\u30d1\u30d4\u30e5\u30ec\u30a4\u30b9\n\u6cb9\u3059\u307e\u3057\n\u6843\u5c3b\u6771\u4eac\u30c6\u30ec\u30d3\u30b8\u30e7\u30f3\n\u6b84\u5929\u622e\nMR.\u30b7\u30fc\u30c1\u30ad\u30f3\u30d1\u30a4\u30eb\u30c9\u30e9\u30a4\u30d0\u30fc\n\n\u301cDJ\u301c\n\u30e9\u30c6\u30a3\u30fc\u30ce\u5c71\u53e3\n\u5927\u7fa9\n\n\u301cFOOD\u301c\nadotacos"""	null
3643489760750366511_3120959176	stomp0001	2025-05-29T22:30:47+00:00	2025-06-29 00:00:00	DKQRqIkTG8v	"""MASSATSU GIG vol.55\n2025\u5e746\u670829\u65e5(\u65e5)\nCLUB STOMP\nOPEN 16:00 START 16:30\n\u524d\u58f2\u308a\u00a52,500+1d\n\u5f53\u65e5 \u00a53,000+1d\n\nOMRIC\nASPHALT\nA.S.S.\nCELL\nOOZE\nIMAGEDAWN\npaci\u00eancia\nBLONDnewHALF"""	null
3643491105368861707_3120959176	stomp0001	2025-05-29T22:33:27+00:00	2025-07-05 00:00:00	DKQR9s1zmwL	"""THERESA'S WORLD #1\n\n2025.07.05.SAT\nat \u5fc3\u658e\u6a4bCLUB STOMP\n\nSMALLSPEAKER(\u6771\u4eac)\nTago&Magos(\u798f\u4e95)\n20000LEAGUES (\u6771\u4eac)\nthe SMOG\nGUNK(\u6771\u4eac)\nX-V.I.D.E.O\n\n[DJ]\nWATTAN(BRITISH PAVILION)\nMOKUO(100% British MOK)\nZAKI(B.F.N)\n\nOPEN 17:30\nADV/DOOR \u00a53000/\u00a53500(1D)"""	null
3643492143970829146_3120959176	stomp0001	2025-05-29T22:35:31+00:00	2025-07-06 00:00:00	DKQSM0HTsNa	"""2025.7.6(\u65e5) \u5fc3\u658e\u6a4bclubSTOMP\n\u300eTriple Threat Trouble\u300f\n\nTHE MY BABY IS A HEAD FUCK\nTRASHMIND\ntonights\n\nOPEN 14:00  START 14:30\nADV \u00a52000  DOOR \u00a52500 +1D"""	null
3652420491509673776_3120959176	stomp0001	2025-06-11T06:14:33+00:00	2025-07-11 00:00:00	DKwARXuyq8w	"""\u300eBELGRADO Japan Tour 2025 day5\u300f\n2025/07/11(fri)\n\u5927\u962a\u30fb\u6771\u5fc3\u658e\u6a4b\u3000CLUB STOMP\n\n=BANDs=\nBELGRADO (Spain)\nCONTROLLED DEATH\nFEROCIOUS X\nTHE GEROS\n\n=DJs=\nnAo12xu (\u202013TH MOON\u2020/ TOKYO DECAY)\nSatosicK (TOKYO DECAY)\n\nOPEN 19:00 / START 19:30 \nADV: \\3,500 (+1Drink) / DOOR: \\4,000 (+1Drink)\nU22: \\2,000 (+1Drink) \u203bID Check\n\n\u4e3b\u50ac\uff1aTOKYO DECAY\n\u5354\u529b\uff1a(\u682a)\u4e2d\u91ce\u30c0\u30a4\u30ca\u30de\u30a4\u30c8 / \u60f3\u8003\u820e / La Vida Es Un Mus (UK) / Post-Punk. com (USA)"""	null
3654020386096016854_3120959176	stomp0001	2025-06-13T11:13:15+00:00	2025-07-13 00:00:00	DK1sC5rSe3W	"""7/13(\u65e5) \u6771\u5fc3\u658e\u6a4b CLUB STOMP\n\u201cGET OVER vol.21\u201d\n\n\u25a0Dirty Old DrunX\n\u25a0THE TUESDAY\n\u25a0PET\n\u25a0redmammoth\n\u25a0\u5fd8\u308c\u3066\u30e2\u30fc\u30c6\u30eb\u30ba \n\u25a0THE MY BABY IS A HEAD FUCK\n\nDJ\n\u25a1hama\n\u25a1AKI\n\u25a1\u30e1\u30b1\n\u25a1Manabu(NORTHManNOSE)"""	null
3654021054869483793_3120959176	stomp0001	2025-06-13T11:14:35+00:00	2025-07-18 00:00:00	DK1sMohSzER	"""\""\u00d8UROBROS FREEDOM TOUR 2025\""\nCLUB\u00ae\ufe0fvol.5 & \u9f8d\u6226\u864e\u4e89\n\n2025.7.18(fri) \u5927\u962aCLUB STOMP\n\n[gig]\n\u00d8UROBROS\nThe Annfeels\nANTHELL\n\u30c1\u30f3\u30d1\u30f3\u30b8\u30fc\u30a8\u30cd\u30eb\u30ae\u30fc\n\nopen 18:30\nstart 19:00\n\n[ticket] +Drink\nADV 3,500\u5186\nDOOR 4,000\u5186"""	null
3626238545389778737_4356923590	musicbarhokage	2025-05-06T03:15:42+00:00	2025-06-21 00:00:00	DJS_L6QyXcx	""".\n2025.6.21.Sat\nSKY presents\n[SKY&\u30a8\u30c1\u30e5\u30d0\u30ea\u30a2 \u30b9\u30d7\u30ea\u30c3\u30c8EP\""CROSSING THE LINE\"" \u30ea\u30ea\u30fc\u30b9\u30c4\u30a2\u30fc\u30d5\u30a1\u30a4\u30ca\u30eb\u30d1\u30fc\u30c6\u30a3\u30fc]\n\nSKY\n\u30a8\u30c1\u30e5\u30d0\u30ea\u30a2\n\u30ce\u30e9\u4e00\u5473\nNORTHManNose\nDRAW INTO DISORDER\n\n-FOOD-\nMagic flour\n\nOPEN: 17:30 START: 18:00\nAdv. 2500yen Door.3000yen (+Drink fee)\n\n#MusicBarHOKAGE #HOKAGE #\u30db\u30ab\u30b1\u3099 #\u706b\u5f71 #livemusicvenue #osaka #osakabar #livepub #japan #pub #bar #rockbar #\u30e9\u30a4\u30d6\u30cf\u30a6\u30b9 #\u6bce\u65e5\u304b\u3099\u30b9\u30d8\u309a\u30b7\u30e3\u30eb"""	null
3641722357881973574_60819783585	kingcobra_osaka	2025-05-27T11:59:16+00:00	2025-07-21 00:00:00	DKJ_zCYJytG	"""THE PRISONER \""in the name of punk tour 2005\"" \u5927\u962a\u7de8\n7\u670821\u65e5(\u6708\u795d\u65e5)\u5fc3\u658e\u6a4bKINGCOBRA \u30ef\u30f3\u30de\u30f3\nOPEN 15:00 / START 16:00\n\u524d\u58f2\uffe53,500+1drink / \u5f53\u65e5\uffe54,000+1drink"""	null
3642479009274803021_60819783585	kingcobra_osaka	2025-05-28T13:02:36+00:00	2025-09-14 00:00:00	DKMr1w5pDNN	"""9/14(\u65e5)CREATIVE DESTRUCTION!!!\n\u5fc3\u658e\u6a4bKING COBRA\n\nOPEN 18:00 START 18:30\nADV \u00a52,500 DOOR \u00a53,000\n\nThe Vapes(Tokyo)\nSUPER  ROCK'N ROLLERS(Tokyo)\nDOSTRES!!\nRazorLads(Nagoya)\nTHE FRAGILE"""	null
3642482262150707834_60819783585	kingcobra_osaka	2025-05-28T13:09:04+00:00	2025-08-17 00:00:00	DKMslGYJ3p6	"""8\u670817\u65e5sun\n @\u30a2\u30e1\u6751KINGCOBRA\n\u300eWitches&Devils Vol.3\u300f\nEmiko Ota\u5e30\u56fd\u8a18\u5ff5\u30e9\u30a4\u30d6\n\u30fbOXZ\n\u30fbRe-\n\u30fb\u3069\u308d\u308d\n\u30fbBLUEDIE\n\u30fb\u5e83\u5cf6\u30ab\u30fc\u30d6\u30c9\u30fb\u30a8\u30a2\nOPEN/START 18:00/18:30\nADV\u00a52,500/Door\u00a53,000\n+DRINK"""	null
3643115239498923703_60819783585	kingcobra_osaka	2025-05-29T10:06:41+00:00	2025-10-04 00:00:00	DKO8gIeJT63	"""40 AgingBurgers presents\n\u300eALL HEAVY BURGER SET vol.1\u300f\n1st FULL ALBUM Release Party\n\n2025/10/04 @KING COBRA\nOPEN 18:00/START 18:30\nADV \\2500/DOOR \\3000\n\n\u3010BAND\u3011\n40 AgingBurgers\n\u30b6\u2606\u30da\u30e9\u30fc\u30ba\n\u30ad\u30e3\u30ce\u30f3\u30dc\u30fc\u30eb\nTHE SCENE\nJUMP'N'FALL\n\n\u3010DJ\u3011\nOMURA\n\u5927\u7fa9"""	null
3643934440354652470_60819783585	kingcobra_osaka	2025-05-30T13:14:17+00:00	2025-08-23 00:00:00	DKR2xEuJqE2	"""25.08.23\uff08\u571f\uff09\u5927\u962a \u30ad\u30f3\u30b0\u30b3\u30d6\u30e9\nTIME BOMB RECORDS Presents \u201cBOMBED\u201d \n\nTHE PHANTOM SURFERS x JACKIE & THE CEDRICS  JAPAN TOUR \n\u30b6\u30fb\u30d5\u30a1\u30f3\u30c8\u30e0\u30fb\u30b5\u30fc\u30d5\u30a1\u30fc\u30ba\u3000x \u30b8\u30e3\u30c3\u30ad\u30fc\uff06\u30b6\u30fb\u30bb\u30c9\u30ea\u30c3\u30af\u30b9\n\n+++ \u51fa\u6f14\u30d0\u30f3\u30c9\n\uff0aTHE PHANTOM SURFERS \n\uff0aJACKIE & THE CEDRICK \n\uff0aTHE GO-DEVILS  and more\n\n+++ DJ\n\uff0aDADDY-O-NOV (Back From The Grave) \n\uff0aO.K.D ( It\u2019s Finking Time ) \n\uff0a\u30d0\u30c3\u30b5\u30f3\u3000\u3000\n\uff0aK.D.M ( Time Bomb Records )\n\nOPEN/START  17:30\nAD \u00a5 4,500 (+1\u30c9\u30ea\u30f3\u30af)/ DR \u00a5 5,000 (+1\u30c9\u30ea\u30f3\u30af)\n\n\uff20 TIGET  \u3067\u524d\u58f2\u4e88\u7d04\u53d7\u4ed8\u4e2d\uff01\nhttps://tiget.net/events/395676"""	null
3645192489970977493_60819783585	kingcobra_osaka	2025-06-01T06:53:48+00:00	2025-09-28 00:00:00	DKWU0GupErV	"""2025\u5e749\u670828\u65e5\uff08\u65e5\uff09@ KING COBRA\n\n\""Sandiest Presents\""\n\u300eBREAK THE  FOURTH WALL vol.2\u300f\n@ KING COBRA\n\n\u3010Bands\u3011\nSANDIEST\nANGER FLARES\nHAT TRICKERS\nBLAAM\nGASOLINE\nFIVE NO RISK\nFUCKIN' JUNKIES\n\n\u3010DJ\u3011\nSHIGA-chang\nMONKEE PUNCH\n\u756a\u9577\uff01(PROUD HAMMERS/Hoolish)\n\nOPEN / 17:00 START / 17:30\nADV/\u00b73500 DAY/\u00b74000 +1Drink\n\n\u25a0 e\uff0b\uff08\u30a4\u30fc\u30d7\u30e9\u30b9\uff09\u8cfc\u5165\u30da\u30fc\u30b8URL\nhttps://eplus.jp/sf/detail/4328160001-P0030001\n\n\u25a0\uff08\u554f\u3044\u5408\u305b\uff0906 4708 4344\n\u3010\u5fc3\u658e\u6a4bKING COBRA\u3011\n\u3012542-0086 \u5927\u962a\u5e9c\u5927\u962a\u5e02\u4e2d\u592e\u533a\u897f\u5fc3\u658e\u6a4b\uff12\u4e01\u76ee\uff11\uff18\u2212\uff11\uff10 \u30db\u30c6\u30eb \u30e9\u30a4\u30aa\u30f3\u30ba \u30ed\u30c3\u30af\u30d3\u30eb 1F\nhttp://king-cobra.net/\n\n\u2026\u2026\u2026\u2026\u2026\u2026\u2026\u2026\u2026\u2026\u2026\u2026\u2026\u2026\u2026\u2026\u2026\u2026\u2026\u2026\u2026\u2026\u2026\u2026\u2026\u2026\u2026\u2026\u2026\u2026\u2026\u2026\u2026\u2026\u2026\u2026\u2026\u2026\u2026\u2026\u2026\u2026\u2026\u2026\u2026\u2026"""	null
3651091944096166100_60819783585	kingcobra_osaka	2025-06-09T10:14:58+00:00	2025-08-02 00:00:00	DKrSMdiJHDU	"""8\u67082\u65e5(\u571f)KING COBRA\n\u6c11\u8846\u96f7\u967d\n\n\u30b6\u30fb\u30d1\u30d4\u30e5\u30ec\u30a4\u30b9\n\u97f3\u697d\u6620\u50cf\u516c\u958b\u8a18\u5ff5\u4f1a\n\n\u30b6\u30fb\u30d1\u30d4\u30e5\u30ec\u30a4\u30b9\nMR.\u30b7\u30fc\u30c1\u30ad\u30f3\u30d1\u30a4\u30eb\u30c9\u30e9\u30a4\u30d0\u30fc\n\u30cf\u30f3\u30c9\u30ec\u30c3\u30c9\u30ca\u30c3\u30af\u30eb\nPiPi\nSkinny Love\n\u30e1\u30eb\u30b7\u30fc\n\nDJ\n\u30b5\u30f3\u30c8\u30b9\nJAY(mokkorijapan_official\uff09\n\n\u5fa1\u98df\u4e8b\n\u30aa\u30eb\u30bf\u30ca\u30ad\u30c3\u30c1\u30f3Oooze\n\n\u958b\u583417\u6642/\u958b\u6f1417\u6642\u534a\n\u5165\u5834\u65992500\u5186(\u98f2\u6599\u4ee3\u5225\u9014\u7528)"""	null
3656944800300831028_60819783585	kingcobra_osaka	2025-06-17T12:03:33+00:00	2025-08-09 00:00:00	DLAE-upJJE0	"""8/9(\u571f) KINGCOBRA\n\n\u3010CREATIVE DESTRUCTION\u00d7ACODISCO\u3011\n\u301c3rd \""acovicious\"" Release Tour '25\u301c\n\nADV \u00a53,500 / \u00a54,000\nOPEN&DJ START TBA\n\nACODISCO\nFUCKIN'JUNKIES\nTHE SECT REBEL'S\uff08copy band\uff09\nVOCAL. Gu. /  MATSUDA\n[ THE SECT original ]\nGUITAR. Vo. /  KUMON\n[ ex.THE SECT \u30d6\u30e9\u30b8\u30ebUFO \nThe Paint it Blue.]\nBASS. Vo. /  HANA\n[ THE SECT  original ]\nDRUMS /  SEIICHIRO\n[ The  STRUMMERS. ]\n\nand more\n\n[DJ]\nMAI"""	null
3656946191148923109_60819783585	kingcobra_osaka	2025-06-17T12:06:19+00:00	2025-08-24 00:00:00	DLAFS9-Jjjl	"""8/24 CREATIVE DESTRUCTION!!!\n\nOPEN 16:30 START 17:00\nADV \u00a52,500 DOOR \u00a53,000\n\nDRUN'C'ROVERS\nSCOREOFF\nSECONDLADY\nSHOTGUN30\nVANILLA TASTE"""	null
3636401637574697324_4356923590	musicbarhokage	2025-05-20T03:47:57+00:00	2025-07-19 00:00:00	DJ3GAXcSeFs	"""\ud83d\udd25\ud83d\udd25\ud83d\udd25 #repost\n@hi_liberate URBAN SPRAWL Japan tour 2025 Day.3 \u5927\u962a\u7de8 at HOKAGE\ud83d\udd25\ud83d\udd25\ud83d\udd25\n\n\u6771\u4eac\u304b\u3089HETH\u3001\u4eac\u90fd\u304b\u3089NODAYSOFF\u3001\u59eb\u8def\u304b\u3089MEANING OF LIFE\u3001\u305d\u3057\u3066\u5927\u962a\u30ed\u30fc\u30ab\u30ebTONE DEAF\u3068\u3044\u3046\u7d20\u6674\u3089\u3057\u3044\u30e1\u30f3\u30c4\u3068\u306a\u308a\u307e\u3057\u305f\uff01\n\n\u95a2\u897f\u65b9\u9762\u306e\u65b9\u3005\u3088\u308d\u3057\u304f\u304a\u9858\u3044\u3057\u307e\u3059\uff01\uff01\n\nURBAN SPRAWL Japan tour 2025 Day.3\n\n7/19(\u571f) \u5927\u962a HOKAGE\n\nURBAN SPRAWL (US/San Francisco)\nHETH (Tokyo)\nMEANING OF LIFE (Himeji)\nTONE DEAF\nNODAYSOFF (Kyoto)\n\nOpen/Start 18:30/19:00\nAdv/Door 3000\u5186/3500\u5186\uff08+1drink\uff09\nUnder20\uff1aTicket FREE\uff08+1drink\uff09\n\n\u4e88\u7d04\u30d5\u30a9\u30fc\u30e0\uff1ahttps://forms.gle/DxYVcrxurNJDmGy89"""	null
3637261876910084394_4356923590	musicbarhokage	2025-05-21T08:17:05+00:00	2025-07-14 00:00:00	DJ6JmfwS9Eq	""".\n7/14(Mon)\nLeft PRESENTS\n[\u306d\u3060\u308b\u306a!!\u52dd\u3061\u7372\u308c!!]\n\nLeft\nCloque.\n2MAN SHOW!!\n\nOPEN 18:30/START 19:00\nADV \u00a53500/DOOR \u00a54500\n+1drink fee"""	null
3637344136543371005_4356923590	musicbarhokage	2025-05-21T11:00:34+00:00	2025-08-04 00:00:00	DJ6cTiAhH79	""".\n\n\ud83d\udd25NEW EVENT\ud83d\udd25\n\n2025.8.4.Mon\nDaisycall presents\u00a0\n[\u707c\u71b1\u4e00\u9a0e\u8a0e\u5de1\u884c 2025]\u00a0\n\nDaisycall\nMay Forth\n\n\u00a0OPEN: 18:30 START: 19:00\nAdv. 3000yen Door.TBA (+Drink fee)\n\n\u30c1\u30b1\u30c3\u30c8(livepoket)\nhttps://t.livepocket.jp/e/7qxlx\n\n#MusicBarHOKAGE #HOKAGE #\u30db\u30ab\u30b1\u3099 #\u706b\u5f71 #livemusicvenue #osaka #osakabar #livepub #japan #pub #bar #rockbar #\u30e9\u30a4\u30d6\u30cf\u30a6\u30b9 #\u6bce\u65e5\u304b\u3099\u30b9\u30d8\u309a\u30b7\u30e3\u30eb"""	null
3637404694747953986_4356923590	musicbarhokage	2025-05-21T13:00:00+00:00	2025-08-26 00:00:00	DJ6qExOyjtC	""".\n8/26 (Tue)AT HOKAGE\nkurage 1st full album \u300cAstra\u300d Release Tour\n\u300eTwilight Arrow Tour\u300f\n \nOPEN 18:30/START 19:00\n\u524d\u58f2 \u00a53,000\n\u5f53\u65e5 \u00a54,000\n+1D \u00a5600\n\n#MusicBarHOKAGE #HOKAGE #\u30db\u30ab\u30b1\u3099 #\u706b\u5f71 #livemusicvenue #osaka #osakabar #livepub #japan #pub #bar #rockbar #\u30e9\u30a4\u30d6\u30cf\u30a6\u30b9 #\u6bce\u65e5\u304b\u3099\u30b9\u30d8\u309a\u30b7\u30e3\u30eb"""	null
3637495052940998081_4356923590	musicbarhokage	2025-05-21T16:00:22+00:00	2025-06-20 00:00:00	DJ6-np2yfXB	""".\nGIRLS PUNK & ROCK'n'ROLL FRIDAY\ud83d\udca5\n6/20 (Fri)@secondlady_japan PRESENTS\n[GRRRRLZ POWER Vol.1]\n\nPiPi\nThe Populace\nJunkie58%\nSECONDLADY\nTHE EEE\n\nDJ YOU & MOSSHAN\n\nOPEN 18:30/START 19:00\n\u00a52000+1D\n\n@nanairomiso \n@the_eee_the_eee \n@__junky58__ \n\n#MusicBarHOKAGE #HOKAGE #\u30db\u30ab\u30b1\u3099 #\u706b\u5f71 #livemusicvenue #osaka #osakabar #livepub #japan #pub #bar #rockbar #\u30e9\u30a4\u30d6\u30cf\u30a6\u30b9 #\u6bce\u65e5\u304b\u3099\u30b9\u30d8\u309a\u30b7\u30e3\u30eb"""	null
3638835568185990406_4356923590	musicbarhokage	2025-05-23T12:23:44+00:00	2025-07-10 00:00:00	DJ_vat9yF0G	""".\n\u3010CANDY(US) JAPAN TOUR 2025\u8a73\u7d30\u89e3\u7981\ud83d\udd25\u3011\n\n2025.7.10.Thu\nRETRIBUTE RECORDS presents\n[CANDY(US) JAPAN TOUR 2025]\n\nCANDY (US)\nTIVE\nSUGAR\nReVERSE BOYZ\n\nOPEN: 18:30 START: 19:00\nAdv. 5000yen Door.6000yen (+Drink fee)\n\nTicket info : e+\n\n#MusicBarHOKAGE #HOKAGE #\u30db\u30ab\u30b1\u3099 #\u706b\u5f71 #livemusicvenue #osaka #osakabar #livepub #japan #pub #bar #rockbar #\u30e9\u30a4\u30d6\u30cf\u30a6\u30b9 #\u6bce\u65e5\u304b\u3099\u30b9\u30d8\u309a\u30b7\u30e3\u30eb"""	null
3640998193988415684_4356923590	musicbarhokage	2025-05-26T12:00:05+00:00	2025-06-26 00:00:00	DKHbJEMhLDE	""".\n\n\ud83d\udd25\u544a\u77e5\u89e3\u7981\ud83d\udd25\n\n2025.6.26.Thu\n\u3053\u3053\u3067\u751f\u304d\u3066\u308b\u305a&\u7099\u308a\u306a\u30bf\u30a6\u30f3 presents\n[\u751f\u304d\u7099\u308a\u5730\u7344]\n\n\u3053\u3053\u3067\u751f\u304d\u3066\u308b\u305a\n\u7099\u308a\u306a\u30bf\u30a6\u30f3\n\nOPEN: 18:30 START: 19:00\nAdv. 3000yen Door.TBA (+Drink fee)\n\u5b66\u5272.2500yen(\u8981\u5b66\u751f\u8a3c\uff09\n\n#MusicBarHOKAGE #HOKAGE #\u30db\u30ab\u30b1\u3099 #\u706b\u5f71 #livemusicvenue #osaka #osakabar #livepub #japan #pub #bar #rockbar #\u30e9\u30a4\u30d6\u30cf\u30a6\u30b9 #\u6bce\u65e5\u304b\u3099\u30b9\u30d8\u309a\u30b7\u30e3\u30eb"""	null
3645172970307354020_4356923590	musicbarhokage	2025-06-01T06:15:56+00:00	2025-08-14 00:00:00	DKWQYDoBn2k	""".\n\n\ud83d\udd25NEW EVENT\ud83d\udd25\n\n2025.8.14.Thu\n[SYNESTHESIA]\n\nGood Grief\nrecess\nRECLUSE\nUNHOLY11\nUNMASK aLIVE\nZETTON\n\nOPEN: TBA START: TBA\nAdv. 3200yen Door.3700yen (+Drink fee)\nU-20 ADV.\u00a52000 /DOOR. \u00a52500 (\u8eab\u5206\u8a3c\u63d0\u793a\u5fc5\u8981)\n\u00a0\nTICKETS : https://tiget.net/events/382822\n\nINFO : https://lit.link/synesthesia\n\n#MusicBarHOKAGE #HOKAGE #\u30db\u30ab\u30b1\u3099 #\u706b\u5f71 #livemusicvenue #osaka #osakabar #livepub #japan #pub #bar #rockbar #\u30e9\u30a4\u30d6\u30cf\u30a6\u30b9 #\u6bce\u65e5\u304b\u3099\u30b9\u30d8\u309a\u30b7\u30e3\u30eb"""	null
3648293489907329814_4356923590	musicbarhokage	2025-06-05T13:34:56+00:00	2025-07-02 00:00:00	DKhV5l-S-sW	""".\nPOP PUNK FROM SWITZERLAND\ud83c\udde8\ud83c\udded\u203c\ufe0f\n\n7/2(WED)HOKAGE\n[MAMBA BITES + NAUFRAGE JAPAN TOUR 2025 OSAKA]\n\nMAMBA BITES(Swiss)\nNAUFRAGE(Swiss)\nOnly ugly stops\n\u30ce\u30e9\u4e00\u5473\n\nOPEN 19:00/START 19:30\n2400YEN+1DRINK 600YEN\n\nMAMBA BITES\nhttps://mambabites.bandcamp.com/album/spark-in-the-dark\nNAUFRAGE\nhttps://naufrageband.bandcamp.com/"""	null
3648880042123606648_4356923590	musicbarhokage	2025-06-06T09:00:00+00:00	2025-11-08 00:00:00	DKjbRDSyjp4	""".\n\u958b\u50ac\u6c7a\u5b9a\uff01\n2025\u5e7411\u67088\u65e5\uff08\u571f\uff09\n\nRAZORS EDGE presents\u300cSTORMY DUDES FESTA 2025\u300d\n\nBIGCAT / SUNHALL / ANIMA / Pangea / BRONZE / HOKAGE / SINKAGURA\uff08\uff17\u4f1a\u5834\u30b5\u30fc\u30ad\u30c3\u30c8\u30a4\u30d9\u30f3\u30c8\uff09\n\nhttp://razorsedgejapan.com/sdf2025/\nhttps://x.com/StormyDudes\n\n\u203b\u30cf\u30c3\u30b7\u30e5\u30bf\u30b0\uff1a#\u30b9\u30c8\u30fc\u30df\u30fc2025\n\n\uff1c\u30c1\u30b1\u30c3\u30c8\u65e9\u5272\u5148\u7740\u5148\u884c\uff1e\n\u671f\u9593\uff1a6/6 (\u91d1) 18:00 ~ 6/22 (\u65e5) 23:59\n\u30c1\u30b1\u30c3\u30c8\u3072\u309a\u3042\uff1a https://w.pia.jp/t/stormydudesfesta2025/\n\n#MusicBarHOKAGE #HOKAGE #\u30db\u30ab\u30b1\u3099 #\u706b\u5f71 #livemusicvenue #osaka #osakabar #livepub #japan #pub #bar #rockbar #\u30e9\u30a4\u30d6\u30cf\u30a6\u30b9 #\u6bce\u65e5\u304b\u3099\u30b9\u30d8\u309a\u30b7\u30e3\u30eb"""	null
3652660855956968603_4356923590	musicbarhokage	2025-06-11T14:12:07+00:00	2025-09-12 00:00:00	DKw27IkShSb	""".\n9/12(Fri)\n[PARA MI FAMILIA vol.4]\n\nB Side Approach\nBurning Sign\nTermination\n\n-DJ-\nTAIMA 2 SOUND\n\nOPEN 19:00 START 19:30\nDoor Only \u00a52000 + 1D \u00a5600\n\n#MusicBarHOKAGE #HOKAGE #\u30db\u30ab\u30b1\u3099 #\u706b\u5f71 #livemusicvenue #osaka #osakabar #livepub #japan #pub #bar #rockbar #\u30e9\u30a4\u30d6\u30cf\u30a6\u30b9 #\u6bce\u65e5\u304b\u3099\u30b9\u30d8\u309a\u30b7\u30e3\u30eb"""	null
3657607938816238549_4356923590	musicbarhokage	2025-06-18T10:01:05+00:00	2025-08-10 00:00:00	DLCbwqgymPV	""".\n2025.08.10(\u65e5)@SINKAGURA & HOKAGE\nThe Dahlia & Trash of Acorn pre.\n\""TRIP THE PARADICE\""\n\nact)\nThe Dahlia\nTrash of Acorn\nTHE SENSATIONS\nLAST YOUTH CASUALLY\nBecause I Love It\nMARIO2BLOCK\nandmore..!!\n\nTICKET \u00a54,000+1D\nOPEN/START  TBA\n\n\ud83c\udfab\nhttps://tayori.com/form/ed80bafddb4f788bbed27ebab5fa4927c23facab"""	null
3637374067671646023_4356923590	musicbarhokage	2025-05-21T12:00:00+00:00	2025-07-05 00:00:00	DJ6jHFiyT9H	""".\n\u30107/5 \u898b\u653e\u984c\u5927\u962a2025\u3011\n\n-\u7b2c\u5341\u5f3e\u89e3\u7981\u30a2\u30fc\u30c6\u30a3\u30b9\u30c8-\n\u3042\u3059\u306a\u308d\u767d\u663c\u5922 / OKOJO / \u53e4\u58b3\u30b7\u30b9\u30bf\u30fc\u30ba / \u305d\u3053\u306b\u9cf4\u308b / \u8d85\u80fd\u529b\u6226\u58eb\u30c9\u30ea\u30a2\u30f3\n\u3064\u304d\u307f / This is LAST / DENIMS / TRACK15 / moon drop / Re:name\n\n#MusicBarHOKAGE #HOKAGE #\u30db\u30ab\u30b1\u3099 #\u706b\u5f71 #livemusicvenue #osaka #osakabar #livepub #japan #pub #bar #rockbar #\u30e9\u30a4\u30d6\u30cf\u30a6\u30b9 #\u6bce\u65e5\u304b\u3099\u30b9\u30d8\u309a\u30b7\u30e3\u30eb\n#\u898b\u653e\u984c"""	null
3648653278847854014_4356923590	musicbarhokage	2025-06-06T01:29:46+00:00	2025-06-22 00:00:00	DKintNiSmW-	""".\n\u3010\u5168\u8a73\u7d30\u6c7a\u5b9a\u3011\n\n2025.6.22.Sun\npresents\n[\u30b7\u30aa\u30f3 vol.2 -ORANGE POOLSIDE \""My Friend Forever tour\"" / Vote for Pedro \""broken words release tour\""]\n\nZOO KEEPER\nPLATFORM\nVote for Pedro (Tokyo)\nichiru\nORANGE POOLSIDE (Atsugi)\n\nOPEN: 17:30 START: 18:00\nAdv. 2800yen Door.3400yen (+Drink fee)\n\nTicket info : \u4e88\u7d04\u306f\u3053\u3061\u3089\u304b\u3089\n\n#MusicBarHOKAGE #HOKAGE #\u30db\u30ab\u30b1\u3099 #\u706b\u5f71 #livemusicvenue #osaka #osakabar #livepub #japan #pub #bar #rockbar #\u30e9\u30a4\u30d6\u30cf\u30a6\u30b9 #\u6bce\u65e5\u304b\u3099\u30b9\u30d8\u309a\u30b7\u30e3\u30eb"""	null
3648970788723564498_14914728227	musicbarhokage	2025-06-06T12:00:37+00:00	2025-08-09 00:00:00	DKjv5lppR_S	"""8/9(SAT)@HOKAGE\n[KARASU KILLER INFERNO-HELLO BASTARDS & DJ INICIALES BB JAPAN TOUR-]\n\nHELLO BASTARDS(UK)\nDJ INICIALES BB(Argentina)\nYUPPIE GORE FILTH\nHARD CORE DUDE\nThe Samemugz\nSTATUSZERO\nTHE EEE\nWARCLOUD\nDJ SHIGA CHANG\n\nOPEN 17:30/START 18:00\nADV \uffe52400/DOOR \uffe53000\n+1DRINK \uffe5600\n\nHELLO BASTARDS\nHello Bastards \u306f\u3001\u3082\u3068\u3082\u3068\u30a4\u30ae\u30ea\u30b9\u306e\u30ed\u30f3\u30c9\u30f3\u3092\u62e0\u70b9\u306b\u6d3b\u52d5\u3057\u3066\u3044\u305f\u30b3\u30ec\u30af\u30c6\u30a3\u30d6\u3067\u3059\u304c\u3001\u73fe\u5728\u3067\u306f\u4e16\u754c\u4e2d\u306b\u30e1\u30f3\u30d0\u30fc\u304c\u5e83\u304c\u3063\u3066\u3044\u307e\u3059\u3002\nHello Bastards\u306f\u3001\u904e\u53bb20\u5e74\u9593\u306b\u308f\u305f\u308a\u3001\u591a\u304f\u306e\u30ea\u30ea\u30fc\u30b9\u3068\u30e8\u30fc\u30ed\u30c3\u30d1\u3001\u5357\u7c73\u3001\u30a2\u30b8\u30a2\u3001\u4e2d\u6771\u306a\u3069\u3067\u306e\u30ef\u30fc\u30eb\u30c9\u30c4\u30a2\u30fc\u3092\u7d4c\u9a13\u3057\u3066\u304d\u307e\u3057\u305f\u3002\n\u97f3\u697d\u7684\u306b\u306f\u3001Hello Bastards\u306f\u30d5\u30a1\u30b9\u30c8\u30b3\u30a2\u306b\u30af\u30e9\u30b9\u30c6\u30a3\u3084D\u30d3\u30fc\u30c8\u306e\u8981\u7d20\u3092\u52a0\u3048\u305f\u30a8\u30fc\u30c6\u30ea\u30a2\u30eb\u306a\u30df\u30c3\u30af\u30b9\u3092\u7279\u5fb4\u3068\u3057\u3066\u3044\u307e\u3059\u3002\n2025\u5e748\u6708\u306b\u4e88\u5b9a\u3055\u308c\u3066\u3044\u308b\u65e5\u672c\u30c4\u30a2\u30fc\u306f\u30012019\u5e74\u306b\u6771\u5357\u30a2\u30b8\u30a2\u3092\u5de1\u3063\u305f\u5f8c\u306e2\u56de\u76ee\u306e\u30a2\u30b8\u30a2\u30c4\u30a2\u30fc\u3068\u306a\u308a\u30012025\u5e74\u306b\u30ea\u30ea\u30fc\u30b9\u4e88\u5b9a\u306e\u65b0\u3057\u3044LP\u306e\u767a\u8868\u3068\u3082\u91cd\u306a\u308a\u307e\u3059\u3002\n\u3053\u306e\u30d0\u30f3\u30c9\u306f\u3001\u79c1\u305f\u3061\u306e\u8003\u3048\u3084\u4fe1\u5ff5\u306b\u58f0\u3092\u4e0e\u3048\u3001\u30d1\u30f3\u30af\u97f3\u697d\u3092\u518d\u3073\u653f\u6cbb\u7684\u306a\u8105\u5a01\u306b\u3059\u308b\u3053\u3068\u3092\u76ee\u7684\u3068\u3057\u3066\u7d50\u6210\u3055\u308c\u307e\u3057\u305f\u3002\n\nInstagram: https://www.instagram.com/hellobastardssxvx\nFacebook: https://www.facebook.com/xhellobastardsx\nYouTube: https://youtu.be/hZX-IlthjMs?si=TMQlCDbW8hsHfg29\nBandcamp: https://hellobastards.bandcamp.com\n\nDJ INICIALES BB\n\u30d6\u30a8\u30ce\u30b9\u30a2\u30a4\u30ec\u30b9\u3001\u30a2\u30eb\u30bc\u30f3\u30c1\u30f3\u304b\u3089\u3084\u3063\u3066\u304f\u308bDJ Iniciales BB\uff08Boom Boom Kid / Fun People\u306eIl Carlo\u3068\u3057\u3066\u3082\u77e5\u3089\u308c\u308b\uff09\u306f\u3001\u30e9\u30c6\u30f3\u30a2\u30e1\u30ea\u30ab\u306e\u7652\u3057\u306e\u97f3\u3001\u30c8\u30ed\u30d4\u30ab\u30eb\u306a\u71b1\u72c2\u3001\u30c1\u30e3\u30c1\u30e3\u30c1\u30e3\u3001\u30af\u30f3\u30d3\u30a2\u3001\u305d\u3057\u3066\u30a8\u30ad\u30be\u30c1\u30c3\u30af\u3067\u30b4\u30b7\u30c3\u30af\u306a\u30ed\u30c3\u30af\u30f3\u30ed\u30fc\u30eb\u3092\u878d\u5408\u3055\u305b\u305f\u5e7b\u60f3\u7684\u306a\u30df\u30c3\u30af\u30b9\u3092\u3001100\uff05\u30a2\u30ca\u30ed\u30b0\u306e\u30ec\u30b3\u30fc\u30c9\u3067\u5c4a\u3051\u3066\u304f\u308c\u307e\u3059\u3002\nDJ Iniciales BB\u306f\u30012025\u5e748\u6708\u306b\u958b\u50ac\u3055\u308c\u308bHello Bastards\uff08UK\uff09\u306e\u65e5\u672c\u30c4\u30a2\u30fc\u306e\u4e00\u74b0\u3068\u3057\u3066\u3001\u30e9\u30c6\u30f3\u306e\u30a8\u30c3\u30bb\u30f3\u30b9\u3092\u305f\u3063\u3077\u308a\u542b\u3093\u3060DJ\u30bb\u30c3\u30c8\u3092\u62ab\u9732\u3057\u307e\u3059\u3002\n\u4e88\u6e2c\u4e0d\u80fd\u306a\u591c\u3092\u304a\u697d\u3057\u307f\u306b\uff01\u305d\u3057\u3066\u30c0\u30f3\u30b9\u30b7\u30e5\u30fc\u30ba\u3092\u5fd8\u308c\u305a\u306b\u304a\u6301\u3061\u304f\u3060\u3055\u3044\uff01\n\nhttps://www.instagram.com/djinicialesbb\nhttps://www.facebook.com/inicialesbb/\nhttps://open.spotify.com/user/uglyrecords"""	null
3651060406245999856_4356923590	musicbarhokage	2025-06-09T09:12:18+00:00	2025-06-29 00:00:00	DKrLBhnyUTw	""".\n\u3010\u8a73\u7d30\u89e3\u7981\ud83d\udca5\u3011\n\n2025.6.29.Sun\nOdd Lazy x sly cat girl presents\n[Melodic Canyon]\n\nOdd Lazy\nsly cat girl\nMORGIC\nsanagi\nSEETHING OF LIFE\nGrimy Day\nUnlax\n\nOPEN: 16:30 START: 17:00\nAdv. 3000yen Door.3500yen (+Drink fee)\n\nTicket in fo : e+\n\n#MusicBarHOKAGE #HOKAGE #\u30db\u30ab\u30b1\u3099 #\u706b\u5f71 #livemusicvenue #osaka #osakabar #livepub #japan #pub #bar #rockbar #\u30e9\u30a4\u30d6\u30cf\u30a6\u30b9 #\u6bce\u65e5\u304b\u3099\u30b9\u30d8\u309a\u30b7\u30e3\u30eb"""	null
3579394270557541844_60819783585	kingcobra_osaka	2025-03-02T12:04:29+00:00	2025-06-21 00:00:00	DGskB_nppXU	"""2025.06.21(Sat)\n@\u5fc3\u658e\u6a4b KING COBRA\n\n\u2606\u83eb-SUMIRE- presents\u2606\n\uff5eShadow of the heart ! vol.5\uff5e\n\n\u25a1Hurricane Sally & Reward (\u6771\u4eac)\n\u25a1HERSHEY's\n\u25a1RedDogs\n\u25a1\u83eb-SUMIRE- (\u4e09\u8272\u30b9\u30df\u30ec\u30d0\u30fc\u30b8\u30e7\u30f3)\n\nDJ.\u9699\u9593\u98a8\u4e09\u59c9\u59b9\n\n18:30 Open DJ start\n\u00a52,500 / \u00a53,000 + 1d \u00a5500"""	null
3628653668699999278_3120959176	stomp0001	2025-05-09T11:14:07+00:00	2025-06-21 00:00:00	DJbkUlHyAwu	"""\u3010\u30a2\u30a4\u30dc\u30fc\u30eb\u30a8\u30c1\u30b1\u30c3\u30c8 Vol.29\u3011\n\n6\u670821\u65e5(\u571f) \n\u5927\u962a \u6771\u5fc3\u658e\u6a4b CLUB STOMP\n\nOPEN 18:00 / START 18:30\nADV \u00a52,500 / DOOR \u00a52,800\n\n\u9752\u5929\u4e0a\nBlackLab\nHARAKIRI ZOMBIE (\u6c96\u7e04)\n\u30d0\u30df\u30e5\u30fc\u30c0\u2605\u30d0\u30ac\u30dc\u30f3\u30c9"""	null
3659163877033475109_4356923590	musicbarhokage	2025-06-20T13:32:27+00:00	2025-08-02 00:00:00	DLH9ii5hXwl	"""2025.8.2.SAT\n\u3071\u3044\u3093.presents\n[\u3071\u3044\u3093\u30ca\u30a4\u30c8.Vol.2]\n\nAND PROTECTOR\nPink Sorrow\nrecess\nAll I Clacks\nPLATFORM\n4 Roses\nAs We Like\nThe Traveling Theory\nFallen Grace\nThe Over Sensation\nLASTEND\nAll Goold Soldiers\nORANGE POOLSIDE\nWITH US\nLABRET\nDAM\n\n\ud83c\udf5bFOOD\uff1a\u307e\u3060\u540d\u524d\u306e\u306a\u3044\u30ab\u30ec\u30fc\u5c4b\n\nOPEN:13:30 START:14:00\nADV.3900 Door.4500(+Drink fee)\n\n#MusicBarHOKAGE #HOKAGE #\u30db\u30ab\u30b1\u3099 #\u706b\u5f71 #livemusicvenue #osaka #osakabar #livepub #japan #pub #bar #rockbar #\u30e9\u30a4\u30d6\u30cf\u30a6\u30b9 #\u6bce\u65e5\u304b\u3099\u30b9\u30d8\u309a\u30b7\u30e3\u30eb"""	null
3660597261555649589_4356923590	musicbarhokage	2025-06-22T13:00:00+00:00	2025-09-19 00:00:00	DLNDdCQysw1	""".\n@stellarleap_official Neverland Tour 2025\n9/19(Fri) @musicbarhokage"""	null
3661034706080151412_4356923590	musicbarhokage	2025-06-23T03:29:28+00:00	2025-06-23 00:00:00	DLOm6sOSLd0	""".\nTONIGHT\u203c\ufe0f\nINDUSTRIAL POST HARDCORE SHOEGAZE ALL MIX ALTERNATIVE MUSIC SHOW\u26a1\ufe0f\n\n6/23(MON)HOKAGE\n[STRANGE BEAUTIFUL]\n\n19:30-THE MISANCHOLY\n20:15-DUMMY CLUB\n21:00-\u967d\u51fa\u30eb\n21:45-WEICHES LOCH\n\nOPEN 19:00/START 19:30\nADV \uffe52000/DOOR \uffe52400\n+1 DRINK 600\n\n#MusicBarHOKAGE #HOKAGE #\u30db\u30ab\u30b1\u3099 #\u706b\u5f71 #livemusicvenue #osaka #osakabar #livepub #japan #pub #bar #rockbar #\u30e9\u30a4\u30d6\u30cf\u30a6\u30b9 #\u6bce\u65e5\u304b\u3099\u30b9\u30d8\u309a\u30b7\u30e3\u30eb"""	null
3660350863258036069_4356923590	musicbarhokage	2025-06-22T04:50:47+00:00	2025-08-17 00:00:00	DLMLbd9yidl	""".\n8/17(SUN)HOKAGE\nKARASU KILLER RECORDS & HOKAGE PRESENTS\n[KARASU KILLER INFERNO -S.O.H / \u00dcGA B\u00dcGA JAPAN TOUR 2025 OSAKA-]\n\nS.O.H(LA)\n\u00dcGA B\u00dcGA(Virginia)\nNI-HAO!!!!(Tokyo)\nMASTERPEACE\nABIZMO\nAXE HELVETE\nTHE EEE\n\nOPEN 16:30/START 17:00\n\\3000+1DRINK FEE \uffe5600\n\n#MusicBarHOKAGE #HOKAGE #\u30db\u30ab\u30b1\u3099 #\u706b\u5f71 #livemusicvenue #osaka #osakabar #livepub #japan #pub #bar #rockbar #\u30e9\u30a4\u30d6\u30cf\u30a6\u30b9 #\u6bce\u65e5\u304b\u3099\u30b9\u30d8\u309a\u30b7\u30e3\u30eb"""	null
3647355009084863072_69576498557	namba_bears	2025-06-04T06:30:21+00:00	2025-07-11 00:00:00	DKeAg5mPrJg	"""\u5317\u95a2\u6771DIY PUNK COLLECTIVE \""DIAL CLUB\""\u304c\u62db\u8058\u3059\u308bBOOTCAMP(from Iowa, USA)\u306e\u65e5\u672c\u30c4\u30a2\u30fc\u5927\u962a\u7de8\u3092\u30b5\u30dd\u30fc\u30c8\u3055\u305b\u3066\u3044\u305f\u3060\u304d\u307e\u3059\u3002\n\nBOOTCAMP, Pokeys Records \u304b\u3089\u30ea\u30ea\u30fc\u30b9\u3055\u308c\u3066\u3044\u308bEP\u304c\u30b9\u30c8\u30ec\u30fc\u30c8\u30d5\u30a9\u30fc\u30ef\u30fc\u30c9\u306a\u30cf\u30fc\u30c9\u30b3\u30a2\u30d1\u30f3\u30af\u3067\u3081\u3061\u3083\u304f\u3061\u3083\u30ab\u30c3\u30b3\u3044\u3044\u3067\u3059\ud83d\udd25\n\n\u97f3\u6e90\u30c1\u30a7\u30c3\u30af\u3057\u3066\u3001\u307f\u3093\u306a\u3067\u30d5\u30ed\u30a2\u3092\u8ee2\u3052\u56de\u308a\u307e\u3057\u3087\u3046\ud83c\udfc3\ud83c\udffb\u200d\u2642\ufe0f\ud83d\udca8\n\n\u3054\u4e00\u7dd2\u3044\u305f\u3060\u304fHOUSE OF THE BLOOD CHOIR, \u3084\u3063\u307b\u30fc\u3082\u9593\u9055\u3044\u306a\u3057\u306e\u30a2\u30af\u30c8\u3092\u9b45\u305b\u3066\u304f\u308c\u308b\u3068\u601d\u3044\u307e\u3059\ud83c\udfa4\n\n\u524d\u58f2\u30c1\u30b1\u30c3\u30c8\u306f\u4e88\u7d04\u30d5\u30a9\u30fc\u30e0\uff08link in bio\uff09\u304b\u3089\u3054\u4e88\u7d04\u304f\u3060\u3055\u3044\ud83c\udfab\n\n\u3088\u308d\u3057\u304f\u304a\u9858\u3044\u3044\u305f\u3057\u307e\u3059\ud83d\udd25\n\n\ud83d\udc47\n\nLOSER'S CONSPIRACY vol.32\n\n2025.7.11(\u91d1) at \u96e3\u6ce2 BEARS\n\nBOOTCAMP (from Iowa USA)\n\u3084\u3063\u307b\u30fc\nHOUSE OF THE BLOOD CHOIR\nTONE DEAF\n\nOPEN 19:00 START 19:30\nadv2,500yen door3,000yen"""	null
3662669946351613924_3120959176	stomp0001	2025-06-25T09:38:23+00:00	2025-07-19 00:00:00	DLUaukZyXfk	"""ROCK'N'ROLL HERE TO STAY\n\n\u2605GUEST DJ\nNINO\uff08THE MY BABY IS A HEAD FUCK\uff09\nDick Yamakita\nJoke\u042f\uff08RazorLads\uff09\n\n\u2605DJ\nKENNY\nMAR\uff08THE BROTHELS\uff09\nFUZITA\uff08GREED CREW\uff09\nTARO\uff08SPIDER CABINETS\uff09\n\n\u2605DANCE\nSHAMALAMA BOYS\n\n7\u670819\u65e5\uff08\u571f\uff09\nOPEN/START 19:00 \u00a0CLOSE 23:00\n1,500\u5186\uff08Plus 1D\uff09"""	null
3662670698642047698_3120959176	stomp0001	2025-06-25T09:39:53+00:00	2025-07-20 00:00:00	DLUa5hByoLS	"""\u30d0\u30ea\u30ab\u30bf Vol.4 \u301c \u304a\u524d\u306f\u3082\u3046\u3059\u3067\u306b\u697d\u3057\u3093\u3067\u3044\u308b \u301c\n\n25.7.20\uff08\u65e5\uff09\n16:00 OPEN\n\u5fc3\u658e\u6a4b CLUB STOMP\n\u00a53,500 + 1D\n\nLIVE\nKBD\uff08\u6885\u7530\u30b5\u30a4\u30d5\u30a1\u30fc\uff09\n\u30b6\u30fb\u30b9\u30c8\u30ed\u30f3\u30b0\u30d1\u30f3\u30bf\u30ed\u30f3X\n\uff08\u6b69\u6b69\u3001\u30b8\u30e3\u30c3\u30ad\u30fc\u30b2\u30f3\u3001\u97ff a.k.a Prince Chapa-T\uff09"""	null
3662683378803031914_3120959176	stomp0001	2025-06-25T10:05:05+00:00	2025-07-21 00:00:00	DLUdyCWSD9q	"""7\u670821\u65e5(\u6708\u795d)\nTRAST pre.\nSTEADY PROGRESS Vol.13\nTHAT`S HOW I ROLL\uff0bONE \nEXTRA TOUR 2025\n\nCLUB STOMP\nOPEN 15:00 START 15:30\nTICKET \n\u00a53000+1D \nDAY\u00a53500+1D\n\nBAND\u3000\nTRAST\nknot\nSKAFREAKS\nTrash of Acon\nOdd Lazy\nUnlucky Coke"""	null
3662687167811426979_3120959176	stomp0001	2025-06-25T10:12:36+00:00	2025-07-26 00:00:00	DLUepLIyBqj	"""MASSATSU VIBRATION\nTILL EWING&SCENE SICK\u30ec\u30b3\u767a\u5927\u962a\u7de8\n7\u670826\u65e5\u571f\u66dc\u65e5\n\u524d\u58f2\u308a\u00a52,500+1d\n\u5f53\u65e5\u00a53,000+1d\nOPEN 17:00 START17:30\n\nTILL EWING\nSCENE SICK\nOOZE\nNO COUNTRY\nSUNSHINE DUB\nCROW DRAGON TEA\nFIVE NO RISK"""	null
3662798405149378401_3120959176	stomp0001	2025-06-25T13:53:37+00:00	2025-07-12 00:00:00	DLU374-y8dh	"""Pussy Cats\u518d\u7d50\u6210\uff01\uff01\n\u304a\u62ab\u9732\u76ee\u4f1a\n\n2025\u5e747\u670812\u65e5\uff08\u571f\uff09\n\u958b\u583417:00 \u9589\u6f1420:00\n\u53c2\u52a0\u8cbb 3,000\u5186(2\u30c9\u30ea\u30f3\u30af\u4ed8\u304d)\n\u5834\u6240:CLUB STOMP"""	null
3664755640005654231_60819783585	kingcobra_osaka	2025-06-28T06:42:17+00:00	2025-07-08 00:00:00	DLb09Z_JXbX	"""7\u67088\u65e5(\u706b) \n\n\u6b4c\u8b21de\u30dd\u30f3\uff01\uff01 \u77ed\u518a\n@KINGCOBRA\r\n\r\nCHARGE \uffe5500 \r\nOPEN/START 19:00\n\r\nDJ:\u3000\r\n \u25a0\u5927\u7fa9\u3000\r\n \u25a0\u8d64\u4e95\u6b66\u9f8d\n \u25a0\u306f\u307f\u5815\u3057\u5929\u4f7f\ud83d\udc98\n \u25a0\u30cf\u30f3\u30cb\u30e3\u304f\u3093\n \u25a0\u30a8\u30eb\u30d3\u30aa\n \u25a0\u30ce\u30ea\u30bf\u30de\n\nFOOD:\r\n \u25a0\u71fb\u308a\u5c4b \u7159\u732b\n\r\nTEQUILA:\r\n \u25a0\u5f10\u4ee3\u76ee\u5e1d\u5947\u7570\u7f85\u66b4\u5a01  \u30cf\u30f3\u30cb\u30e3\u304f\u3093"""	null
3661638489512589874_4356923590	musicbarhokage	2025-06-23T23:29:04+00:00	2025-09-10 00:00:00	DLQwM5XS7oy	""".\n2025.9.10.Wed\nDanablu presents\n[\""NAVY BLUE\"" After the Rain \u5148\u884c\u914d\u4fe1\u4f01\u753b]\n\nDanablu\n39degrees\n\nOPEN: 18:00 START: 18:30\nAdv. 3500yen Door.4000yen (+Drink fee)\n\nTicket info :\ne+ ( \ud83c\udfab\u4e00\u822c\u767a\u58f2 6/20(\u91d1)20:00\uff5e )\n\n#MusicBarHOKAGE #HOKAGE #\u30db\u30ab\u30b1\u3099 #\u706b\u5f71 #livemusicvenue #osaka #osakabar #livepub #japan #pub #bar #rockbar #\u30e9\u30a4\u30d6\u30cf\u30a6\u30b9 #\u6bce\u65e5\u304b\u3099\u30b9\u30d8\u309a\u30b7\u30e3\u30eb"""	null
3661831170679325440_4356923590	musicbarhokage	2025-06-24T05:51:54+00:00	2025-08-06 00:00:00	DLRcAxry0MA	""".\n2025.8.06.Wed\nYAPOOL x \u81ea\u7206 presents\n[\u9077\u90fd - YAPOOL \u00d7 \u81ea\u7206 \u5171\u540c\u4f01\u753b \u5927\u962a\u7de8 -]\n\nYAPOOL\n\u81ea\u7206\n\u4f50\u85e4\u51cc\u99d5\u3068\u5927\u65e5\u672c\u5e1d\u56fd\u30ba\nTHE NOiSE\n\u304a\u305d\u30ed\u30b7\u30a2\u9769\u547d\n\nOPEN: 18:15 START: 18:45\nAdv. 3000yen Door.3500yen (+Drink fee)\n\nTicket info :\nTiGET https://tiget.net/events/410278\n\n#MusicBarHOKAGE #HOKAGE #\u30db\u30ab\u30b1\u3099 #\u706b\u5f71 #livemusicvenue #osaka #osakabar #livepub #japan #pub #bar #rockbar #\u30e9\u30a4\u30d6\u30cf\u30a6\u30b9 #\u6bce\u65e5\u304b\u3099\u30b9\u30d8\u309a\u30b7\u30e3\u30eb"""	null
3661835776914165262_4356923590	musicbarhokage	2025-06-24T06:01:03+00:00	2025-08-01 00:00:00	DLRdDzkyQ4O	""".\n\u3010SEEK HOUSE presents \""SUMMER SLASH 2025 DAY2\"" \u8a73\u7d30\u6c7a\u5b9a\u3011\n\n2025.8.01.Fri\nSEEK HOUSE presents\n[SUMMER SLASH 2025 DAY2]\n\nSEEK HOUSE\nThe right\nLost in Girl\nWorld's End Super Nova\nEmpty Fish\n\nOPEN: 17:00 START: 17:30\nAdv. 2500yen Door.2900yen (+Drink fee)\n\n#MusicBarHOKAGE #HOKAGE #\u30db\u30ab\u30b1\u3099 #\u706b\u5f71 #livemusicvenue #osaka #osakabar #livepub #japan #pub #bar #rockbar #\u30e9\u30a4\u30d6\u30cf\u30a6\u30b9 #\u6bce\u65e5\u304b\u3099\u30b9\u30d8\u309a\u30b7\u30e3\u30eb"""	null
3661838837422249721_4356923590	musicbarhokage	2025-06-24T06:07:08+00:00	2025-09-16 00:00:00	DLRdwV5SFb5	""".\n\u3010BULLDOZE JAPAN TOUR 2025\u6c7a\u5b9a\ud83d\udca5\ud83d\udca5\ud83d\udca5\u3011\n\n2025.9.16.Tue\nBLOODAXE TOUR & FURIOUS RECORDS presents\n[BULLDOZE JAPAN TOUR 2025]\n\nBULLDOZE (US)\n\n...and more\n\nOPEN/START: TBA\nAdv/Door.TBA (+Drink fee)\n\nTotal info :\nhttps://bloodaxefest.jp\n\n#MusicBarHOKAGE #HOKAGE #\u30db\u30ab\u30b1\u3099 #\u706b\u5f71 #livemusicvenue #osaka #osakabar #livepub #japan #pub #bar #rockbar #\u30e9\u30a4\u30d6\u30cf\u30a6\u30b9 #\u6bce\u65e5\u304b\u3099\u30b9\u30d8\u309a\u30b7\u30e3\u30eb"""	null
3662543692533173748_4356923590	musicbarhokage	2025-06-25T05:27:33+00:00	2025-06-25 00:00:00	DLT-BVXyY30	""".\nTONIGHT HOKAGE\nCRAZY ROCK'n'ROLL 3MAN SHOW\ud83d\udd25\u203c\ufe0f\n20:00\u30b9\u30bf\u30fc\u30c8\u203c\ufe0f\n\n6/25(WED)HOKAGE\n[ROCK IN DA HOUSE]\n\n\u30b7\u30de\u30af\u30de\u30ac\u30f3\u30db\u30fc\u30ba\nTHE\u30c4\u30a4\u3066\u308b\u30ba\nUCC\n\nOPEN 19:30/START 20:00\n\uffe51900+1D\uffe5600\n\n19:30 OPEN\n20:00-\u30b7\u30de\u30af\u30de\u30ac\u30f3\u30db\u30fc\u30ba\n20:45-THE\u30c4\u30a4\u3066\u308b\u30ba\n21:30-UCC\n\n#MusicBarHOKAGE #HOKAGE #\u30db\u30ab\u30b1\u3099 #\u706b\u5f71 #livemusicvenue #osaka #osakabar #livepub #japan #pub #bar #rockbar #\u30e9\u30a4\u30d6\u30cf\u30a6\u30b9 #\u6bce\u65e5\u304b\u3099\u30b9\u30d8\u309a\u30b7\u30e3\u30eb"""	null
3662812270830354150_4356923590	musicbarhokage	2025-06-25T14:21:10+00:00	2025-07-06 00:00:00	DLU7FqZyP7m	""".\nMILKY WING LAST LIVE\ud83d\udd25\nIDOL\u274cHARDCORE ROCK\u26a1\ufe0f\n\n7/6(SUN)HOKAGE\n[MILKYWING LAST LIVE]\n\n\u30b6\u2606\u30c4\u30a4\u3066\u308b\u30ba\n\u7206\u3081\u308b \n\u4f50\u91ce\u30a2\u30c4\u30b7\nGOOD MORNING\nMILKY WING\n\nOPEN 17:00/START 17:30\nadv \u00a52000\ndoor \uffe52500\n1drink\uffe5600\n\n@milkywing.official"""	null
3663918597371791209_4356923590	musicbarhokage	2025-06-27T02:59:14+00:00	2025-06-27 00:00:00	DLY2o1SSwdp	""".\nTONIGHT\u203c\ufe0f\nALTERNATIVE ROCK EMO LIVE SHOW\ud83d\udd25\n\n2025.06.27.Fri\nHOKAGE presents\n\u3010RESONANT WAVE\u3011\n\n\u7a7a\u767d\u306e\u591c(\u4e09\u91cd)\nmoodress(\u5927\u962a)\nRukka(\u795e\u6238)\nHELLO WONDER(\u5927\u962a)\nWORLD OCEAN(\u5175\u5eab)\n\nOPEN: 18:30 START: 19:00\nAdv. 1800yen Door. 2000yen (+Drink fee)\n\n#MusicBarHOKAGE #HOKAGE #\u30db\u30ab\u30b1\u3099 #\u706b\u5f71 #livemusicvenue #osaka #osakabar #livepub #japan #pub #bar #rockbar #\u30e9\u30a4\u30d6\u30cf\u30a6\u30b9 #\u6bce\u65e5\u304b\u3099\u30b9\u30d8\u309a\u30b7\u30e3\u30eb"""	null
3664601057533346719_4356923590	musicbarhokage	2025-06-28T01:35:10+00:00	2025-06-28 00:00:00	DLbRz71y8Of	""".\nTONIGHT HOKAGE\u26a1\ufe0fHARDCORE METAL ROCK'n'ROLL BANDS AND BOSSA SINGER\u26a1\ufe0fTHEY ALL GREAT ARTISTS\ud83d\udd25\n\n6/28(Sat)HOKAGE\n[SOMEWHERE IN TIME VOL.5 -TRIBUTE TO MORIMORI-]\n\nkidaki\npoetry of torch\nCYBERNE\nunai\nBlackLab\n\u30ce\u30e9\u4e00\u5473\n\nOPEN 17:30/START 18:00\n\u00a52400+1Drink \u00a5600\n\n#MusicBarHOKAGE #HOKAGE #\u30db\u30ab\u30b1\u3099 #\u706b\u5f71 #livemusicvenue #osaka #osakabar #livepub #japan #pub #bar #rockbar #\u30e9\u30a4\u30d6\u30cf\u30a6\u30b9 #\u6bce\u65e5\u304b\u3099\u30b9\u30d8\u309a\u30b7\u30e3\u30eb"""	null
3664786887656831296_4356923590	musicbarhokage	2025-06-28T07:44:22+00:00	2025-09-06 00:00:00	DLb8EHoS3lA	""".\n9/6 GUILLOTINE TERROR \u30ec\u30b3\u767a\u30e9\u30a4\u30d6\ud83d\udd25\n\u300eSTREET ANARCHISM\u300fVol.99\n\u301c\u30ae\u30ed\u30c1\u30f3\u30c6\u30e9\u30fc\u300e\u65e5\u672c\u6b66\u5c0a\u300fCD\u767a\u58f2\u8a18\u5ff5GIG\u301c\n\nGUILLOTINE TERROR\nTHE HAWKS\nTheFinal Society\nBIRUSHANAH\nGOOD MORNING\n\nOPEN 18:00/START 18:30\nADV \u00a52,500+1D\u00a5600/DOOR\u00a53,000+1D\u00a5600\n\n@guillotineterror \n\n#MusicBarHOKAGE #HOKAGE #\u30db\u30ab\u30b1\u3099 #\u706b\u5f71 #livemusicvenue #osaka #osakabar #livepub #japan #pub #bar #rockbar #\u30e9\u30a4\u30d6\u30cf\u30a6\u30b9 #\u6bce\u65e5\u304b\u3099\u30b9\u30d8\u309a\u30b7\u30e3\u30eb"""	null
3666843138431552293_4356923590	musicbarhokage	2025-07-01T03:49:47+00:00	2025-08-21 00:00:00	DLjPmgZSosl	""".\n\u30108/21\u3011\u30e9\u30c3\u30ad\u30fc\u30b5\u30e8\u30ca\u30e9\u30d1\u30fc\u30c6\u30a3\u30fc\uff01\nLUCKY FEST-\u6fc3\u539a\u56fd\u969b\u6c7a\u5225\u97f3\u697d\u796d-\n\nSUPER DO\n\u30b6\u30fb\u30cf\u30f3\u30b3\u30c3\u30c4\nTNG\n\u30d1\u30f3\u30af\u304a\u3070\u306f\u3093\u6975\u3081\u3066\u5019\nBADALAMENTIS\n\nOPEN 18:30\n\u6295\u3052\u92ad TIP+\uff11DRINK FEE \uffe5600\n\n\u5e30\u56fd\u3059\u308b\u30e9\u30c3\u30ad\u30fc\u306e\u30b5\u30dd\u30fc\u30c8\u3082\u517c\u306d\u3066\u6295\u3052\u92ad\u306e\u3054\u5354\u529b\u3092\u3069\u3046\u304b\u304a\u9858\u3044\u3044\u305f\u3057\u307e\u3059\uff01\n\u5168\u51fa\u6f14\u8005\u30e9\u30c3\u30ad\u30fc\u51fa\u6f14\u306e\u71b1\u3044LUCKY FEST\ud83d\udd25\u5f7c\u3092\u77e5\u3063\u3066\u308b\u4eba\u3082\u77e5\u3089\u306a\u3044\u4eba\u3082\u697d\u3057\u3081\u308b\u6700\u9ad8\u306eALTERNATIVE PUNK LIVE SHOW\u26a1\ufe0f\n\u662f\u975e\u904a\u3073\u306b\u6765\u3066\u4e0b\u3055\u3044\ud83d\udd25\n\n#MusicBarHOKAGE #HOKAGE #\u30db\u30ab\u30b1\u3099 #\u706b\u5f71 #livemusicvenue #osaka #osakabar #livepub #japan #pub #bar #rockbar #\u30e9\u30a4\u30d6\u30cf\u30a6\u30b9 #\u6bce\u65e5\u304b\u3099\u30b9\u30d8\u309a\u30b7\u30e3\u30eb"""	null
3634393842962422911_14914728227	musicbarhokage	2025-05-17T09:18:49+00:00	2025-07-01 00:00:00	DJv9fG_pFx_	"""2025.7.1 Tue @musicbarhokage - OSAKA \n\nKARASU KILLER RECORDS & HOKAGE presents\n[KARASU KILLER INFERNO XXXII -ORYX JAPAN TOUR 2025-]\n\nORYX(US)\nBIRUSHANAH\nMOTHER\nLYCORIS\n\nOPEN: 18:30 START: 19:00\nAdv. 2400yen Door.3000yen (+Drink fee)\nORYX\uff08\u30aa\u30ea\u30c3\u30af\u30b9\uff09\u306f\u3001Thomas Davis \uff08\u30dc\u30fc\u30ab\u30eb\u3001\u30ae\u30bf\u30fc\u3001\u30b7\u30f3\u30bb\uff09\u3001Abigail Davis \uff08\u30c9\u30e9\u30e0\uff09\u3001Joshua Kauffman\uff08\u30d9\u30fc\u30b9\uff09\u304b\u3089\u6210\u308b\u3001\u30c7\u30f3\u30d0\u30fc\u3092\u62e0\u70b9\u3068\u3059\u308b\u30c9\u30a5\u30fc\u30e0\uff0f\u30b9\u30e9\u30c3\u30b8\u30e1\u30bf\u30eb\u30d0\u30f3\u30c9\u3067\u3059\u3002ORYX\u306f\u3001\u539a\u307f\u306e\u3042\u308b\u91cd\u82e6\u3057\u3044\u30ea\u30d5\u3001\u7834\u58ca\u7684\u306a\u30c9\u30e9\u30e0\u3001\u305d\u3057\u3066\u6bd2\u306e\u3088\u3046\u306b\u8074\u304f\u8005\u306e\u7cbe\u795e\u306b\u67d3\u307f\u8fbc\u3080\u30dc\u30fc\u30ca\u30eb\u3067\u7279\u5fb4\u3065\u3051\u3089\u308c\u305f\u5727\u5012\u7684\u306a\u5b58\u5728\u611f\u3092\u6301\u3063\u3066\u3044\u307e\u3059\u3002\n2012\u5e74\u306b\u592b\u5a66\u30c7\u30e5\u30aa\u306eThomas \u3068 Abigail Davis\u306b\u3088\u3063\u3066\u7d50\u6210\u3055\u308c\u305fORYX\n\u306f\u3001\u30a2\u30f3\u30c0\u30fc\u30b0\u30e9\u30a6\u30f3\u30c9\u30e1\u30bf\u30eb\u30b7\u30fc\u30f3\u3067\u72ec\u81ea\u306e\u5730\u4f4d\u3092\u7bc9\u3044\u3066\u304d\u307e\u3057\u305f\u3002\u3053\u306e\n10\u5e74\u9593\u3067\u3001\u30d0\u30f3\u30c9\u306f\u30d6\u30e9\u30c3\u30af\u30c9\u30a5\u30fc\u30e0\u3001\u30a2\u30c8\u30e2\u30b9\u30d5\u30a7\u30ea\u30c3\u30af\u30b9\u30e9\u30c3\u30b8\u3001\u30c7\u30b9\u30e1\u30bf\u30eb\u3001\u30d6\u30e9\u30c3\u30af\u30e1\u30bf\u30eb\u3068\u3044\u3063\u305f\u8981\u7d20\u3092\u5de7\u307f\u306b\u878d\u5408\u3055\u305b\u30014\u679a\u306e\u30d5\u30eb\u30a2\u30eb\u30d0\u30e0\u3092\u30ea\u30ea\u30fc\u30b9\u3057\u3066\u3044\u307e\u3059\u3002\u305d\u306e\u5727\u5dfb\u306e\u30d1\u30d5\u30a9\u30fc\u30de\u30f3\u30b9\u306f\u3001\u6570\u3005\u306e\u30a2\u30e1\u30ea\u30ab\u56fd\u5185\u30d5\u30a7\u30b9\u3078\u306e\u51fa\u6f14\u3092\u5b9f\u73fe\u3057\u3001Electric Wizard\u3001Candlemass\u3001Sleep \u3068\u3044\u3063\u305f\u8457\u540d\u306a\u30a2\u30fc\u30c6\u30a3\u30b9\u30c8\u306e\u30b5\u30dd\u30fc\u30c8\u3082\u52d9\u3081\u3001\u9ad8\u3044\u8a55\u4fa1\u3092\u5f97\u3066\u3044\u307e\u3059\u3002\n\u4e8c\u4eba\u7d44\u3068\u3057\u3066\u30c7\u30d3\u30e5\u30fc\u30a2\u30eb\u30d0\u30e0\u300cWidowmaker\u300d\uff082014\u5e74\uff09\u3001\u30b9\u30d7\u30ea\u30c3\u30c8LP\n\u300cORYX/Languish\u300d\uff082016\u5e74\uff09\u3001\u305d\u3057\u3066\u300cStolen Absolution\u300d\uff082018\u5e74\uff09\u3092\u30ea\u30ea\u30fc\u30b9\u3057\u307e\u3057\u305f\u3002\u305d\u306e\u5f8c\u30012018\u5e74\u306b\u30d9\u30fc\u30b7\u30b9\u30c8\u3092\u8fce\u3048\u305f\u3053\u3068\u3067\u3001\u30d0\u30f3\u30c9\u306e\u97f3\u697d\u306f\u3088\u308a\u30c0\u30fc\u30af\u3067\u91cd\u539a\u306a\u65b9\u5411\u3078\u3068\u9032\u5316\u3002\u540c\u5e74\u306b\u306f\u300cBorn into Madness\u300d\u3092\u3001\n2021\u5e74\u306b\u306f\u300cLamenting a Dead World\u300d\u3092\u30ea\u30ea\u30fc\u30b9\u3002\u305d\u3057\u3066\u3001\u6700\u65b0\u4f5c\u3068\u306a\u308b4\u679a\u76ee\u306e\u30b9\u30bf\u30b8\u30aa\u30a2\u30eb\u30d0\u30e0\u300cPrimordial Sky\u300d\uff082024\u5e74\uff09\u306f\u3001\u3053\u308c\u307e\u3067\u306e\u30ad\u30e3\u30ea\u30a2\u306e\u4e2d\u3067\u6700\u3082\u5b8c\u6210\u5ea6\u306e\u9ad8\u3044\u4f5c\u54c1\u306b\u4ed5\u4e0a\u304c\u3063\u3066\u3044\u307e\u3059\u3002\nORYX\u306e\u6700\u9ad8\u5091\u4f5c\u300cPrimordial Sky\u300d\u306f\u3001\u4eba\u9593\u306e\u7d4c\u9a13\u306e\u6700\u3082\u6697\u3044\u5074\u9762\u3092\u5de1\u308b\u529b\u30bf\u30eb\u30b7\u30b9\u306e\u65c5\u3067\u3042\u308a\u3001\u751f\u3068\u6b7b\u3001\u305d\u3057\u3066\u5b87\u5b99\u3078\u306e\u5185\u7701\u7684\u63a2\u6c42\u3092\u30c6\u30fc\u30de\u3068\u3057\u3066\u3044\u307e\u3059\u3002\u5404\u697d\u66f2\u3067\u306f\u3001\u58ee\u5927\u3067\u5e7b\u60f3\u7684\u306a\u30ea\u30d5\u304c\u611f\u60c5\u3092\u63fa\u3055\u3076\u308b\u30bd\u30ed\u3084\u92ed\u3044\u30dc\u30fc\u30ab\u30eb\u3068\u7d61\u307f\u5408\u3044\u3001\u6df1\u3044\u5185\u7701\u306e\u96f0\u56f2\u6c17\u306e\u4e2d\u3067\u3001\u6b4c\u8a5e\u306f\u6b7b\u3084\u5b58\u5728\u306e\u82e6\u60a9\u3092\u63cf\u304d\u51fa\u3057\u3066\u3044\u307e\u3059\u3002\u5727\u5012\u7684\u306a\u96f0\u56f2\u6c17\u3092\u6301\u3064 ORYX\u306f\u3001\u300cPrimordial Sky\u300d\u306b\u304a\u3044\u3066\u71c3\u3048\u4e0a\u304c\u308b\u3088\u3046\u306a\u697d\u66f2\u3068\u9a5a\u7570\u7684\u306a\u76db\u308a\u4e0a\u304c\u308a\u3092\u5c4a\u3051\u307e\u3059\u3002ORYX\u306f\u8352\u5ec3\u3092\u97f3\u697d\u3067\u4f53\u73fe\u3057\u305f\u5b58\u5728\u3067\u3042\u308a\u3001\u305d\u306e\u5727\u5012\u7684\u306a\u97f3\u306e\u58c1\u306f\u3001\u305c\u3072\u6700\u5927\u97f3\u91cf\u3067\u4f53\u9a13\u3057\u3066\u304f\u3060\u3055\u3044\u3002\nhttps://oryx.bandcamp.com/album/primordial-sky\nhttps://www.youtube.com/watch?v=dYzPOXq4zqE&t=1s\n\n#oryx #lycoris #motherband #birushanah #osaka #hokage #shinsaibashi #namba #japangigs #karasukillerjapantour2025 #karasukiller"""	null
3635158335047357419_6095776062	musicbarhokage	2025-05-18T10:37:44+00:00	2025-07-03 00:00:00	DJyrT7uzFPr	"""7/3(THU)@HOKAGE\n[VAPOR EDGE MEETING]\n\n-from Florida-\nZaydoc Dachiefroc\nSnotnoze Saleem\nfrom OhTwo\nBlack Wick\n\n-from Mie-\nbreak down communication\n\n-from Osaka-\nVEXATION SOUL\n\nOPEN 18:30/START 19:00\nADV \uffe52000/DOOR \uffe52400\n+1DRINK \uffe5600\n\n---\n18:30 OPEN\n\n19:00-19:20 break down communication\n19:30-19:50 Black Wick\n20:00-20:20 from OhTwo\n20:30-20:50 Snotnoze Saleem\n21:00-21:20 Zaydoc Dachiefroc\n21:30-22:00 VEXATION SOUL"""	null
3656236971623888034_58253786995	umeda_hardrain	2025-06-16T12:37:13+00:00	2025-07-04 00:00:00	DK9kCd0SrSi	"""\u3010NEW LIVE\u3011\n\n\ud83d\udd25\ud83d\udd25\ud83d\udd25\n\n2025\u5e747\u67084\u65e5(\u91d1) @\u6885\u7530HARDRAIN\n\n\u300e\u30af\u30ec\u30a4\u30b8\u30a4\u2606\u30d5\u30e9\u30a4\u30c7\u30a4\u300f\n\nopen18:30 \nstart19:00\u3000\nadv\uffe52,000 \uff0fdoor\u00a52,500 \n\uff0b1drink\n\nTHE FRAGILE\n\u65e5\u672c\u5c11\u5973\n\u5343\u5e74\u30e1\u30e2\u30ea\u30fc\u30ba \nwait!!!\n\n\u91d1\u6669\ud83e\udd8b\u53d6\u308a\u7f6e\u304d\u304a\u5f85\u3061\u3057\u3066\u304a\u308a\u307e\u3059\ud83e\udd1d\ud83d\udcad"""	null
3585951463073542329_4356923590	musicbarhokage	2025-03-11T13:12:28+00:00	2025-05-18 00:00:00	DHD29tCSnC5	""".\n2025.5.18.Sun\nHADAKAEFUDA presents\n[MANILA]\n\n\u88f8\u7e6a\u672d\n\u30a2\u30a4\u30ea\u30d5\u30c9\u2015\u30d1\n\nOPEN: 19:00 START: 19:30\nAdv. 3000yen Door.3500yen (+Drink fee)\n\u203c\ufe0fSOLD OUT\u203c\ufe0f\n\n#MusicBarHOKAGE #HOKAGE #\u30db\u30ab\u30b1\u3099 #\u706b\u5f71 #livemusicvenue #osaka #osakabar #livepub #japan #pub #bar #rockbar #\u30e9\u30a4\u30d6\u30cf\u30a6\u30b9 #\u6bce\u65e5\u304b\u3099\u30b9\u30d8\u309a\u30b7\u30e3\u30eb"""	null
